,damp_rate,fidelity
0,0,0.9019999999999998
1,100,0.8714357601037611
2,200,0.8319953203731213
3,300,0.7896599242865516
4,400,0.769133498483309
5,500,0.7392763452566338
6,600,0.7230919300722215
7,700,0.7013653406874165
8,800,0.6790575922007126
9,900,0.659578591448185
10,1000,0.6471517764685767
11,1100,0.6331484334792317
12,1200,0.6192729079172319
13,1300,0.6117380351439451
14,1400,0.5986387855766425
