,damp_rate,fidelity
0,0,0.9014999999999997
1,100,0.8669115730135813
2,200,0.8205330898300297
3,300,0.801513015817459
4,400,0.7634357780920061
5,500,0.7383665492670648
6,600,0.7184270311654224
7,700,0.6921785125672755
8,800,0.6790575922007126
9,900,0.6620180094066286
10,1000,0.6519342092038055
11,1100,0.6329819979373826
12,1200,0.6191223108112758
13,1300,0.6068324628693329
14,1400,0.5981455916487592
