,node_distance,probability
0,10,0.9975
1,60,0.9836666666666666
2,110,0.975
3,160,0.96625
4,210,0.957
5,260,0.9327833333333333
6,310,0.9190666666666667
7,360,0.9304
8,410,0.91095
9,460,0.9089833333333334
10,510,0.9046166666666666
11,560,0.8865
12,610,0.88785
13,660,0.8852333333333333
14,710,0.8704777777777778
15,760,0.8430261904761904
16,810,0.8471833333333333
17,860,0.8559
18,910,0.8278583333333334
19,960,0.8331428571428571
