,node_distance,probability
0,10,0.996
1,60,0.985
2,110,0.9723333333333334
3,160,0.9646666666666667
4,210,0.9634166666666666
5,260,0.939
6,310,0.9415833333333333
7,360,0.92525
8,410,0.91995
9,460,0.9261666666666666
10,510,0.9030333333333334
11,560,0.9128333333333334
12,610,0.8952833333333333
13,660,0.90135
14,710,0.8923761904761904
15,760,0.8840166666666667
16,810,0.878
17,860,0.8810166666666667
18,910,0.8589166666666667
19,960,0.8558666666666667
