damp_rate,epsilon,fidelity
0,0.8,0.9170731707317071
100,0.9,0.8998845058624969
200,0.7000000000000001,0.8776618278000672
300,0.7000000000000001,0.8617758152051489
400,0.7000000000000001,0.8559555591746153
500,0.6,0.8372653514386204
600,0.5,0.8228948232303055
700,0.6,0.8152939300907326
800,0.6,0.8073611896606309
900,0.5,0.7922982654582115
1000,0.5,0.7893221082111338
1100,0.6,0.7796216873921805
1200,0.4,0.7673239100865129
1300,0.4,0.7609077758768592
1400,0.4,0.7511130518583787
