,depolar_rate,fidelity
0,0,0.8189999999999997
1,100,0.7867557437119513
2,200,0.7548333358285928
3,300,0.7317407757283297
4,400,0.7024466638236689
5,500,0.6715846268340567
6,600,0.6530051181071492
7,700,0.6266023113225077
8,800,0.6073402518994221
9,900,0.5903591283416106
10,1000,0.5784355226905533
11,1100,0.5645385664604362
12,1200,0.5528146622736406
13,1300,0.5436954816569951
14,1400,0.5374900110378601
