,depolar_rate,fidelity
0,0,0.9724999999999998
1,100,0.9101012284483324
2,200,0.8455299246431787
3,300,0.7923335473637187
4,400,0.7402697771261002
5,500,0.713808429989146
6,600,0.6749952636747425
7,700,0.6440101291293523
8,800,0.6253142846900922
9,900,0.603267575247555
10,1000,0.5849916834017697
11,1100,0.567132079177548
12,1200,0.5568069517053489
13,1300,0.5468758489927891
14,1400,0.5393817088425227
