,depolar_rate,fidelity
0,0,0.9714999999999998
1,100,0.911451726456395
2,200,0.8491417357021666
3,300,0.7948139532201381
4,400,0.7461602619846756
5,500,0.711656898618186
6,600,0.6712916602107268
7,700,0.647175186912415
8,800,0.6207787810887082
9,900,0.603267575247555
10,1000,0.5845148717136812
11,1100,0.567132079177548
12,1200,0.556640606312361
13,1300,0.5458387726876389
14,1400,0.5389804396112307
