,depolar_rate,probability
0,0,1.0
1,100,0.9476166666666667
2,200,0.91125
3,300,0.8859261904761905
4,400,0.8406666666666667
5,500,0.8192440476190476
6,600,0.7824159090909091
7,700,0.754736111111111
8,800,0.7660380952380953
9,900,0.7618440476190476
10,1000,0.7549246031746031
11,1100,0.7329984126984127
12,1200,0.7272694444444444
13,1300,0.7322761904761904
14,1400,0.711036507936508
