,depolar_rate,probability
0,0,0.8161833333333333
1,100,0.7863785714285714
2,200,0.8011702380952381
3,300,0.7769956349206348
4,400,0.7575797619047618
5,500,0.7426964285714286
6,600,0.7365285714285714
7,700,0.7296797619047619
8,800,0.7247464285714285
9,900,0.7282294372294372
10,1000,0.7064992063492064
11,1100,0.6958480158730158
12,1200,0.6974893217893218
13,1300,0.7031928571428572
14,1400,0.7005106532356532
