,depolar_rate,probability
0,0,0.8075666666666667
1,100,0.8067428571428571
2,200,0.7733539682539682
3,300,0.7797083333333333
4,400,0.773234126984127
5,500,0.746265873015873
6,600,0.7204849206349206
7,700,0.7313503968253968
8,800,0.7232726190476191
9,900,0.7266694444444445
10,1000,0.7063250000000001
11,1100,0.7051793650793651
12,1200,0.7275686507936509
13,1300,0.7205373015873016
14,1400,0.7030341269841269
