,node_distance,probability
0,10,0.9018666666666667
1,60,0.8953666666666666
2,110,0.9068333333333334
3,160,0.8895333333333333
4,210,0.88235
5,260,0.8782666666666666
6,310,0.8666333333333334
7,360,0.8756
8,410,0.8765666666666667
9,460,0.8622666666666666
10,510,0.8588166666666667
11,560,0.8548666666666667
12,610,0.8458
13,660,0.8385666666666667
14,710,0.8433166666666667
15,760,0.8606595238095237
16,810,0.84605
17,860,0.83245
18,910,0.8295416666666666
19,960,0.83475
