,node_distance,probability
0,1,0.9125
1,51,0.8791666666666668
2,101,0.8858333333333333
3,151,0.8883333333333333
4,201,0.8883333333333333
5,251,0.8855952380952381
6,301,0.8408333333333333
7,351,0.8383333333333333
8,401,0.835
9,451,0.8276666666666667
10,501,0.8133333333333332
11,551,0.7856666666666666
12,601,0.8181666666666666
13,651,0.807
14,701,0.7473333333333333
15,751,0.7354999999999999
16,801,0.775
17,851,0.7815000000000001
18,901,0.7681666666666667
19,951,0.7790952380952381
