,damp_rate,fidelity
0,0,0.9884999999999998
1,100,0.9451432908263696
2,200,0.9052558610896216
3,300,0.8715401875035022
4,400,0.8362537971936865
5,500,0.8085978421878821
6,600,0.777936583441247
7,700,0.7570416279414366
8,800,0.7335990334252721
9,900,0.7155180542681505
10,1000,0.6969785689386273
11,1100,0.6778827684477424
12,1200,0.6625221266438294
13,1300,0.6483661128745324
14,1400,0.6352534048602234
