,damp_rate,probability
0,0,0.90895
1,100,0.87915
2,200,0.873775
3,300,0.8556595238095238
4,400,0.8458095238095239
5,500,0.8289666666666667
6,600,0.8160916666666667
7,700,0.8004
8,800,0.8079123015873017
9,900,0.797420634920635
10,1000,0.7827690476190475
11,1100,0.7809123015873016
12,1200,0.7527519841269841
13,1300,0.7685896825396825
14,1400,0.7536797619047619
