,damp_rate,fidelity
0,0,0.9724999999999998
1,100,0.9497010744417891
2,200,0.9369357430962981
3,300,0.9168781922063659
4,400,0.8852587479853951
5,500,0.8613234560561176
6,600,0.8384456920245903
7,700,0.8116216888487567
8,800,0.7780182222354659
9,900,0.7562130241044763
10,1000,0.7406389583600305
11,1100,0.7060427859592238
12,1200,0.6867795623645679
13,1300,0.673710445806339
14,1400,0.6577907021294133
