,damp_rate,fidelity
0,0,0.8134999999999998
1,100,0.8163996703549523
2,200,0.7901736708494784
3,300,0.7902371015236478
4,400,0.7679671991193024
5,500,0.7621175920420882
6,600,0.7516505323266078
7,700,0.7421170165599758
8,800,0.7131725038416644
9,900,0.698991932923345
10,1000,0.6811508413513779
11,1100,0.6786457976538618
12,1200,0.6634996982892228
13,1300,0.6535837990303001
14,1400,0.6416760867128696
