,damp_rate,fidelity
0,0,0.9724999999999998
1,100,0.9507456656702888
2,200,0.9262797987548486
3,300,0.9151715167009492
4,400,0.877840182024763
5,500,0.8589334975726333
6,600,0.8310398394445326
7,700,0.8047564129620375
8,800,0.7765329157217705
9,900,0.7589112249328959
10,1000,0.7344612357165553
11,1100,0.7145427859592238
12,1200,0.6894240278041511
13,1300,0.6738606341897075
14,1400,0.6651508752230987
