,damp_rate,probability
0,0,1.0
1,100,0.9656666666666667
2,200,0.9318666666666666
3,300,0.9129166666666666
4,400,0.8734761904761905
5,500,0.8430833333333334
6,600,0.8389833333333333
7,700,0.8212095238095238
8,800,0.8100750000000001
9,900,0.7912761904761905
10,1000,0.793404761904762
11,1100,0.7839670634920635
12,1200,0.7590051587301587
13,1300,0.7388869047619047
14,1400,0.7499384920634921
