,damp_rate,probability
0,0,0.8139833333333334
1,100,0.7872119047619047
2,200,0.77785
3,300,0.7361023809523809
4,400,0.7315416666666666
5,500,0.7258099206349207
6,600,0.7114337662337663
7,700,0.7228345238095238
8,800,0.7078357142857142
9,900,0.7152459706959706
10,1000,0.6993821428571428
11,1100,0.6796876984126984
12,1200,0.6807833333333333
13,1300,0.6926055555555555
14,1400,0.7144984487734488
