,damp_rate,probability
0,0,0.81535
1,100,0.7805166666666666
2,200,0.7754916666666667
3,300,0.7556710678210679
4,400,0.736403311965812
5,500,0.732622619047619
6,600,0.7235432539682539
7,700,0.7149678571428572
8,800,0.7158579725829726
9,900,0.7085397186147186
10,1000,0.7122075396825397
11,1100,0.6816873015873016
12,1200,0.6788173992673993
13,1300,0.6960936507936508
14,1400,0.6956318181818182
