depolar_rate,epsilon,fidelity
0,0.7000000000000001,0.9106040268456375
100,0.8,0.8703096326015839
200,0.8,0.84022583030114
300,0.9,0.8033796731914266
400,0.8,0.778731230029939
500,0.9,0.7490823459493479
600,0.7000000000000001,0.7234908764649535
700,0.9,0.7032516060621451
800,0.9,0.6863951029396559
900,0.9,0.6650323322569914
1000,0.9,0.6467780089091545
1100,0.8,0.6365324893146883
1200,0.9,0.6230448899434478
1300,0.8,0.6126711330866609
1400,0.8,0.599796280427579
