damp_rate,epsilon,fidelity
0,0.9,0.9107182320441988
100,0.8,0.8725281857669998
200,0.8,0.8274923012311926
300,0.7000000000000001,0.8080113340351167
400,0.8,0.7782645654518676
500,0.8,0.7467544244879689
600,0.9,0.7275900630122519
700,0.8,0.7032366194541425
800,0.9,0.6867818301667388
900,0.9,0.6679963803977866
1000,0.9,0.6525581815156266
1100,0.9,0.637047255012049
1200,0.9,0.6238557192962717
1300,0.8,0.6139315837220237
1400,0.9,0.5998104617589064
