,damp_rate,fidelity
0,0,0.9714999999999998
1,100,0.8884877423355021
2,200,0.817396541797875
3,300,0.7615087445988035
4,400,0.7120832710633286
5,500,0.6732712167917494
6,600,0.6436696390821203
7,700,0.6167636624263505
8,800,0.59367998434952
9,900,0.5769466324671485
10,1000,0.5638105860460628
11,1100,0.5513572639009416
12,1200,0.5428642329292472
13,1300,0.5348343081825224
14,1400,0.5287935646530406
