,damp_rate,fidelity
0,0,0.8249999999999997
1,100,0.7542158988307132
2,200,0.7185243350076183
3,300,0.6758941293681353
4,400,0.6453579198919212
5,500,0.6202965772630616
6,600,0.5999964783548509
7,700,0.5781712375694891
8,800,0.5654144718302682
9,900,0.5515732531251349
10,1000,0.543780964127044
11,1100,0.535180002780041
12,1200,0.5298915656088612
13,1300,0.5251044694364448
14,1400,0.5192767898521939
