,damp_rate,probability
0,0,0.8148
1,100,0.8242999999999999
2,200,0.79855
3,300,0.8199761904761905
4,400,0.8179785714285714
5,500,0.8216083333333334
6,600,0.8105123015873016
7,700,0.8171261904761905
8,800,0.8068095238095239
9,900,0.8107428571428571
10,1000,0.8255166666666667
11,1100,0.8194761904761905
12,1200,0.8178761904761904
13,1300,0.8105869047619048
14,1400,0.8173952380952382
