,depolar_rate,fidelity
0,0,0.9844999999999998
1,100,0.9327999133883762
2,200,0.8778550095044734
3,300,0.8247573529196377
4,400,0.7760192609552721
5,500,0.7370894064016781
6,600,0.7032907299734407
7,700,0.6705695860695796
8,800,0.6427288220493063
9,900,0.6215384236203445
10,1000,0.5991803621417047
11,1100,0.5834644923667496
12,1200,0.5690536130918042
13,1300,0.5563472933209569
14,1400,0.546433544079718
