,depolar_rate,probability
0,0,0.9052333333333333
1,100,0.8731
2,200,0.8509333333333333
3,300,0.8333773809523809
4,400,0.7953773809523809
5,500,0.771270634920635
6,600,0.7709801587301587
7,700,0.764827380952381
8,800,0.7482119047619048
9,900,0.724240873015873
10,1000,0.7314532106782107
11,1100,0.7344266233766235
12,1200,0.7123281746031747
13,1300,0.7092873015873016
14,1400,0.6983806277056277
