,depolar_rate,fidelity
0,0,0.9044999999999997
1,100,0.8596728736692938
2,200,0.8279016666077315
3,300,0.7955864700520053
4,400,0.769133498483309
5,500,0.7407926719059155
6,600,0.7258359882526917
7,700,0.7021102186431034
8,800,0.6804055790930643
9,900,0.6626278638962394
10,1000,0.6495429928361912
11,1100,0.638474370818401
12,1200,0.6177669368576708
13,1300,0.6062873992832648
14,1400,0.6009814567340878
