,depolar_rate,fidelity
0,0,0.8964999999999997
1,100,0.8718881788127792
2,200,0.8283110319842705
3,300,0.809291607134617
4,400,0.7641060981380418
5,500,0.7453416518537601
6,600,0.7126645089864351
7,700,0.6956546096938151
8,800,0.6806302435751229
9,900,0.6620180094066286
10,1000,0.6408978259686623
11,1100,0.6308183358933451
12,1200,0.6180681310695829
13,1300,0.6079225900414689
14,1400,0.5997484719143797
