,node_distance,probability
0,1,0.9066666666666667
1,51,0.895
2,101,0.8875
3,151,0.8691666666666668
4,201,0.8725
5,251,0.8883333333333333
6,301,0.8883333333333333
7,351,0.84
8,401,0.825
9,451,0.8291666666666667
10,501,0.8125
11,551,0.8358333333333333
12,601,0.8366666666666667
13,651,0.8161666666666666
14,701,0.8411666666666666
15,751,0.7783333333333333
16,801,0.7154285714285714
17,851,0.7945
18,901,0.8049166666666666
19,951,0.7884285714285714
