,damp_rate,fidelity
0,0,0.9869999999999998
1,100,0.9711678595546906
2,200,0.9572847611090551
3,300,0.9420951799656329
4,400,0.9140309356392362
5,500,0.8932974929253655
6,600,0.8664662539589709
7,700,0.8478367080246559
8,800,0.8147352870112351
9,900,0.790120185125652
10,1000,0.7686890080500824
11,1100,0.7460789206284245
12,1200,0.7242197600147433
13,1300,0.7059329712599782
14,1400,0.6907028069533578
