,damp_rate,probability
0,0,0.9093666666666667
1,100,0.8573
2,200,0.8351333333333333
3,300,0.8062095238095238
4,400,0.8026190476190476
5,500,0.7747999999999999
6,600,0.7617476190476191
7,700,0.7541984126984127
8,800,0.7472234126984127
9,900,0.7430714285714286
10,1000,0.7433813852813853
11,1100,0.7302849206349206
12,1200,0.7050992063492064
13,1300,0.7282571428571428
14,1400,0.6961491813741814
