,damp_rate,fidelity
0,0,0.9059999999999998
1,100,0.8871503757717906
2,200,0.8669115730135813
3,300,0.8447135445582354
4,400,0.8184862629473348
5,500,0.8181401198846687
6,600,0.7937344245003011
7,700,0.7822275799323445
8,800,0.7664522182991664
9,900,0.761108728089116
10,1000,0.7398828759163463
11,1100,0.731356873962575
12,1200,0.7173294078932343
13,1300,0.7067301275973622
14,1400,0.6961511949976066
