,damp_rate,fidelity
0,0,0.8924999999999997
1,100,0.8709794755552783
2,200,0.8759599471939409
3,300,0.8373975267586224
4,400,0.8221705513361857
5,500,0.8224235241915615
6,600,0.7915119698382559
7,700,0.7843416442015005
8,800,0.7687983384602912
9,900,0.7537760043454655
10,1000,0.73957961058649
11,1100,0.7267412754795312
12,1200,0.7236407417083155
13,1300,0.7103844480346893
14,1400,0.6966477803013981
