,F2,pairs,time,node_distance
0,0.8093642378790434,4,440000.0,1
0,0.8162732759725803,1,1110000.0,101
0,0.8230936344462858,3,6330000.0,201
0,0.8297982839281975,4,12440000.0,301
0,0.8363586775585675,6,24660000.0,401
0,0.8427448716729379,2,10220000.0,501
0,0.8489256812250447,1,6110000.0,601
0,0.8548688715972839,2,14220000.0,701
0,0.8605413876922239,4,32440000.0,801
0,0.8659096202787238,10,91100000.0,901
