,node_distance,probability
0,1,0.9575
1,51,0.96
2,101,0.95
3,151,0.955
4,201,0.97
5,251,0.97
6,301,0.9333333333333332
7,351,0.945
8,401,0.8933333333333333
9,451,0.9116666666666667
10,501,0.955
11,551,0.965
12,601,0.9383333333333332
13,651,0.9258333333333333
14,701,0.9216666666666667
15,751,0.945
16,801,0.9483333333333333
17,851,0.925
18,901,0.925
19,951,0.9383333333333332
